,0
ASE10,0
ASE11,0
ASE14,0
ASE15,0
ASE12,0
FOR29_L&P_D_1,0
ASE13,0
FOR_OVE_B_1,0
AIL11.2,0
AIL11.1,0
FOR12_ALO_D,0
FOR10_TOT,0
FOR8_TOT,0
EMP8.1,0
CAL4.1,0
FPS2,0
EMP1,0
FPS1,0
EMP2,0
FPS4,0
EMP3,0
FPS3,0
EMP4,0
FPS6,0
EMP5,0
FPS5,0
EMP6,0
FPS8,0
EMP7,0
FPS7,0
EMP8,0
EMP9,0
FPS9,0
AOR10,0
AOR12,0
AOR11,0
FOR4_INT_F_2,0
FOR4_INT_F_1,0
EMP6.1,0
FOR9_TOT,0
PRO22,0
PRO21,0
PRO24,0
PRO23,0
PRO20,0
FOR14.2,0
NRD40,0
NRD4,0
NRD34,0
NRD5,0
NRD33,0
FOR14.1,0
NRD6,0
NRD36,0
NRD7,0
NRD35,0
NRD38,0
NRD1,0
NRD37,0
NRD2,0
NRD3,0
NRD39,0
PRO29,0
PRO26,0
NRD8,0
PRO25,0
NRD9,0
PRO28,0
PRO27,0
PRO33,0
PRO32,0
PRO35,0
PRO34,0
PRO31,0
PRO30,0
MOR31,0
NRD30,0
MOR32,0
NRD32,0
MOR30,0
NRD31,0
MOR35,0
NRD23,0
MOR36,0
NRD22,0
MOR33,0
NRD25,0
MOR34,0
NRD24,0
MOR39,0
NRD27,0
NRD26,0
MOR37,0
NRD29,0
MOR38,0
NRD28,0
PRO37,0
PRO36,0
PRO39,0
PRO38,0
PRO44,0
PRO43,0
PRO45,0
SPS8,0
PRO40,0
SPS9,0
SPS6,0
PRO42,0
SPS7,0
PRO41,0
MOR20,0
MOR21,0
NRD21,0
NRD20,0
MOR24,0
NRD12,0
MOR25,0
NRD11,0
MOR22,0
NRD14,0
MOR23,0
NRD13,0
MOR28,0
NRD16,0
MOR29,0
NRD15,0
MOR26,0
NRD18,0
MOR27,0
NRD17,0
NRD19,0
FPS41.1,0
FPS41.2,0
MOR10,0
NRD10,0
MOR13,0
MOR14,0
MOR11,0
MOR12,0
MOR17,0
MOR18,0
MOR15,0
MOR16,0
SPS4,0
FOR12_TOT,0
SPS5,0
MOR19,0
SPS2,0
SPS3,0
SPS1,0
FPS63.2,0
FPS63.1,0
AIL24,0
AIL22,0
AIL23,0
AIL20,0
AIL21,0
CGT9,0
CGT8,0
CGT7,0
CGT6,0
CGT5,0
CGT4,0
CGT3,0
CGT2,0
CGT1,0
PRO11,0
PRO10,0
PRO13,0
PRO12,0
FOR_L&P_A_1,0
YPD2,0
YPD1,0
FOR11_TOT,0
YPD4,0
YPD3,0
AIL13,0
AIL14,0
AIL11,0
FOR_ALO_E,0
AIL12,0
FOR_ALO_C,0
AIL10,0
FOR_ALO_A,0
FOR_ALO_B,0
FSE103,0
PRO19,0
PRO18,0
AIL19,0
AIL17,0
PRO15,0
AIL18,0
FSE100,0
PRO14,0
AIL15,0
FSE101,0
PRO17,0
AIL16,0
FSE102,0
PRO16,0
FSE9,0
FSE8,0
FOR_INT_C_2,0
FOR_INT_C_1,0
SLR3,0
FORC_3,0
FORC_4,0
SLR1,0
FORC_1,0
SLR2,0
FORC_2,0
PRO5.1,0
PRO5.2,0
FOR4_TOT,0
FSE1,0
FSE3,0
FSE2,0
FSE5,0
FSE4,0
FSE7,0
FSE6,0
FSE75.1,0
CAL9,0
CAL8,0
CAL7,0
CAL6,0
CAL5,0
CAL4,0
CAL3,0
CAL2,0
CAL1,0
FOR22.1,0
FOR22.2,0
AOI10,0.0
FORE_3,0
AOI11,0
FORE_4,0
AOI12,0
AOI13,0
FOR5_TOT,0
AOI14,0
AOI15,0
FOR28_L&P_C_1,0
FOR_INT_A_2,0
FOR_INT_A_1,0
FORE_1,0
FORE_2,0
AOI13.1,0
REL9,0
SSE3,0
SSE4,0
SSE1,0
SSE2,0
SSE9,0
SSE7,0
SSE8,0
SSE5,0
SSE6,0
FOR25_L&P_B_1,0
REL7,0
REL8,0
REL5,0
REL6,0
REL3,0
REL4,0
REL1,0
REL2,0
FOR46,0
FOR45,0
EMP20,0
FOR6_TOT,0
FOR44,0
FOR43,0
FOR42,0
FOR41,0
FOR40,0
FOR8_OVE_D_1,0
FOR10_DIV_D,0
EMP19,0
NRD23.2,0
NRD23.1,0
NRD23.3,0
FOR39,0
FOR38,0
FOR37,0
FOR36,0
FOR35,0
FOR34,0
FOR33,0
EMP10,0
FOR32,0
EMP11,0
FOR31,0
EMP12,0
EMP13,0
EMP14,0
EMP15,0
EMP16,0
EMP17,0
EMP18,0
FOR27,0
FOR26,0
FOR24,0
FOR23,0
FOR22,0
FOR21,0
FOR20,0
FOR_DIV_B_5,0
FOR_DIV_B_4,0
FOR_DIV_B_3,0
FOR_DIV_B_2,0
FOR_DIV_B_1,0
MOR4,0
PRO2,0
MOR5,0
PRO1,0
MOR6,0
PRO4,0
MOR7,0
PRO3,0
MOR1,0
MOR2,0
MOR3,0
PRO9,0
MOR8,0
PRO6,0
MOR9,0
PRO5,0
PRO8,0
FOR19,0
PRO7,0
FOR18,0
FOR17,0
FOR16,0
FOR15,0
FOR14,0
MAT1-5,0
FOR11_DIV_F,0
FOR_INT_E_2,0
FOR_INT_E_1,0
FOR5_DIV_D_4,0
FOR5_DIV_D_5,0
FOR5_DIV_D_1,0
FOR5_DIV_D_2,0
FOR5_DIV_D_3,0
PRO11.1,0
MAT_IN,0
CGT52.3,0
CGT52.4,0
CGT52.1,0
CGT52.2,0
CGT52.5,0
FSE16.1,0
MCA1,0
MCA2,0
MCA7,0
MCA8,0
MCA9,0
MCA3,0
MCA4,0
MCA5,0
FOR_DIV_E,0
MCA6,0
INC1,0
PGLRPT,0
INC4,0
INC5,0
INC2,0
INC3,0
INC8,8052.0
INC9,0
INC6,0
INC7,0
ASE1,0
FOR_DIV_C,0
FOR_DIV_B,0
FOR_DIV_A,0
ASE9,0
ASE7,0
ASE8,0
ASE5,0
ASE6,0
ASE3,0
ASE4,0
PRO33.1,0
SLRPT,0
FOR_OVE_C_1,0
FOR25_TOT,0
FOR2,0
FOR1,0
LUN12,0
LUN13,0
LUN10,0
LUN11,0
MCA10,0
MCA11,0
LUN18,0
LUN19,0
LUN16,0
LUN17,0
LUN14,0
LUN15,0
FPS10,0
FPS11,0
FPS12,0
FPS13,0
FPS14,0
FPS15,0
FPS16,0
FPS17,0
LUN23,0
FPS18,0
LUN24,0
FPS19,0
LUN21,0
LUN22,0
LUN20,0
LUN29,0
LUN27,0
LUN28,0
LUN25,0
LUN26,0
CAL3.1,0
FOR30_L&P_F_1,0
FPS20,0
FPS21,0
FPS22,0
FPS23,0
FPS24,0
LUN4,0
FPS25,0
LUN3,0
FPS26,0
LUN2,0
FPS27,0
LUN1,0
FPS28,0
LUN8,0
FPS29,0
LUN7,0
LUN6,0
LUN5,0
LUN9,0
CGT50,0
CGT52,0
CGT51,0
PRO20.1,0
CGT54,0
PRO20.2,0
CGT53,0
FPS30,0
FPS31,0
FPS32,0
CL2,0
FPS33,0
FPS34,0
FPS35,0
FPS36,0
FPS37,0
FPS38,0
FPS39,0
FOR_OVE_A_1,0
CBC3,0
CBC2,0
CBC1,0
REL14,0
REL15,0
REL16,0
REL10,0
REL11,0
REL12,0
REL13,0
CGT34,0
CGT33,0
CGT36,0
CGT35,0
CGT38,0
FPS40,0
CGT37,0
FPS41,0
FPS42,0
CGT39,0
FPS43,0
LUN60,0
FPS44,0
FPS45,0
FPS46,0
FPS47,0
FPS48,0
FPS49,0
LUN56,0
LUN57,0
LUN54,0
LUN55,0
LUN52,0
LUN53,0
LUN50,0
LUN51,0
CGT30,0
LUN58,0
CGT32,0
LUN59,0
CGT31,0
CGT45,0
CGT44,0
CGT47,0
CGT46,0
FPS50,0
CGT49,0
FPS51,0
CGT48,0
FPS52,0
FPS53,0
FPS54,0
FPS55,0
FPS56,0
FPS57,0
FPS58,0
FPS59,0
TRU10,0
TRU11,0
LUN65,0
LUN66,0
LUN63,0
LUN64,0
FSE10,0
LUN61,0
LUN62,0
FSE12,0
TRU18,0
FSE11,0
TRU19,0
FSE14,0
TRU16,0
FSE13,0
TRU17,0
FSE16,0
TRU14,0
CGT41,0
FSE15,0
TRU15,0
CGT40,0
FSE18,0
TRU12,0
CGT43,0
FSE17,0
TRU13,0
CGT42,0
CGT12,0
FSE19,0
CGT11,0
CGT14,0
FPS60,0
CGT13,0
FPS61,0
CGT16,0
FPS62,0
CGT15,0
FPS63,0
CGT18,0
FPS64,0
CGT17,0
FPS65,0
FPS66,0
CGT19,0
FPS67,0
FPS68,0
FPS69,0
LUN34,0
LUN35,0
LUN32,0
LUN33,0
LUN30,0
LUN31,0
FSE21,0
FSE20,0
FSE23,0
TRU6,0
FSE22,0
TRU5,0
FSE25,0
TRU4,0
FSE24,0
TRU3,0
FSE27,0
LUN38,0
TRU2,0
FSE26,0
LUN39,0
TRU1,0
FSE29,0
LUN36,0
CGT10,0
FSE28,0
LUN37,0
CGT23,0
CGT22,0
FPS70,0
CGT25,0
FPS71,0
TRU25.1,0
CGT24,0
FPS72,0
CGT27,0
FPS73,0
CGT26,0
FPS74,0
CGT29,0
FPS75,0
CGT28,0
FPS76,0
FPS77,0
FPS78,0
FPS79,0
LUN45,0
LUN46,0
LUN43,0
LUN44,0
FSE30,0
LUN41,0
LUN42,0
FSE32,0
FSE31,0
LUN40,0
FSE34,0
FSE33,0
FSE36,0
FSE35,0
FSE38,0
LUN49,0
FSE37,0
LUN47,0
CGT21,0
FSE39,0
LUN48,0
CGT20,0
CAL11,0
FPS80,0
CAL12,0
CAL10,0
FSE41,0
FSE40,0
FSE43,0
FSE42,0
FSE45,0
FSE44,0
FOR3_INT_D_2,0
FSE47,0
FOR3_INT_D_1,0
CAL17,0
FSE46,0
FSE49,0
CAL15,0
FSE48,0
CAL16,0
CAL13,0
CAL14,0
AOI9,0
AOI7,0
AOI8,0
FOR3_TOT,0
AOI5,4.0
AOI6,0
TRU9,0
AOI3,0
TRU8,0
AOI4,10000.0
TRU7,0
AOI1,0
AOI2,0
FSE50,0
FSE52,0
FSE51,0
FSE54,0
FSE53,0
FSE56,0
FSE55,0
FSE58,0
FSE57,0
FSE59,0
FSE61,0
FOR13.2,0
FSE60,0
FOR_OVE_E_1,0
FOR13.1,0
FSE63,0
FSE62,0
FSE65,0
FSE64,0
FSE67,0
FSE66,0
FSE69,0
FSE68,0
FOR A_3,0
FOR A_4,0
FOR A_1,0
FOR A_2,0
FSE70,0
FOR24.1,0
FOR24.2,0
FSE72,0
FSE71,0
FSE74,0
FSE73,0
FSE76,0
FSE75,0
FSE78,0
FSE77,0
FSE79,0
FOR13_TOT,0
FSE81,0
FSE80,0
FSE83,0
FSE82,0
FSE85,0
FSE84,0
FSE87,0
FSE86,0
FSE89,0
FOR_DIV_E_5,0
FSE88,0
FOR_DIV_E_4,0
FOR_DIV_E_3,0
FOR_DIV_E_2,0
FOR_DIV_E_1,0
FSE90,0
FOR28_TOT,0
FSE92,0
FSE91,0
FSE94,0
FSE93,0
FSE96,0
FSE95,0
FSE98,0
FSE97,0
FSE99,0
YPDTR,2.0
INC14,0
INC13,0
INC16,0
EMPCL1_A,0
INC15,0
EMPCL1_B,0
INC18,0
INC17,0
INC19,0
SSE25,0
SSE26,0
FOR6_DIV_F_5,0
SSE27,0
SSE28,0
INC21,0
SSE29,0
FOR_INT_B_1,0
FOR6_DIV_F_2,0
INC20,0
FOR_INT_B_2,0
FOR6_DIV_F_1,0
FOR6_DIV_F_4,0
FOR6_DIV_F_3,0
SSE20,0
SSE21,0
SSE22,0
SSE23,0
SSE24,0
SSE14,0
SSE15,0
SSE16,0
SSE17,0
INC10,0
SSE18,0
TotalCL1,0
SSE19,0
INC12,0
INC11,0
SSE10,0
SSE11,0
SSE12,0
SSE13,0
SSE25.1,0
SPS12,0
SPS11,0
SPS10,0
SPS19,0
SPS18,0
FOR30_TOT,0
SPS17,0
SPS16,0
SPS15,0
SPS14,0
SPS13,0
FOR_DIV_C_5,0
FOR_DIV_C_4,0
FOR_DIV_C_3,0
FOR_DIV_C_2,0
FOR_DIV_C_1,0
FOR29_TOT,0
FORF_4,0
SPS32,0
FORF_2,0
SPS31,0
FORF_3,0
SPS30,0
AOR8,0
AOR9,0
AOR6,0
AOR7,0
AOR4,0
AOR5,0
MAT3,0
AOR2,0
TRU21,0
MAT2,0
AOR3,0
TRU22,0
MAT1,0
AOR1,0
TRU20,0
MAT5,0
MAT4,0
TRU25,0
FORF_1,0
TRU26,0
TRU23,0
TRU24,0
SPS23,0
SPS22,0
SPS21,0
SPS20,0
SPS29,0
SPS28,0
FOR_L&P_E_1,0
SPS27,0
SPS26,0
SPS25,0
SPS24,0
FOR_DIV_A_1,0
FOR_DIV_A_5,0
FOR_DIV_A_4,0
FOR_DIV_A_3,0
FOR_DIV_A_2,0
FPSAF1,0
FPSAF2,0
FOR9_OVE_F_1,0
MAT_OUT,0
CL2wkamt,0
FOR13_ALO_F,0
AIL8,0
AIL9,0
NRD3.1,0
AIL6,0
AIL7,0
AIL4,0
AIL5,0
AIL2,0
AIL3,0
AIL1,0
SSE10.1,0
SSE36,0
SSE37,0
SSE38,0
SSE30,0
SSE31,0
SSE32,0
SSE33,0
SSE34,0
SSE35,0
